<?xml version="1.0" encoding="UTF-8" standalone="yes"?>
<addon id="script.brotherhood.pairwith"
  name="Brotherhood Pair With"
  version="1.4" 
  provider-name="Intrcomp">
  <requires>
    <import addon="xbmc.python" version="2.1.0"/>
  </requires>
  <extension point="xbmc.python.script" library="addon.py">
    <provides>executable</provides>
  </extension>
  <extension point="xbmc.addon.metadata">
    <platform>all</platform>
    <summary lang="en">Brotherhood Menu System</summary>
    <description lang="en">Brotherhood Menu System</description>
	<disclaimer>Brotherhood Menu System</disclaimer>
  </extension>
</addon>
