<?xml version="1.0" encoding="UTF-8" standalone="yes"?>
<addon id="repository.intrcomp" name="[COLOR white][B]INTRCOMP MEDIA[/B][/COLOR]" version="2.9" provider-name="[COLOR white][B]INTRCOMP MEDIA[/B][/COLOR]">
	<extension point="xbmc.addon.repository" name="Intrcomp Media">

	  <dir>
			<info compressed="false">https://raw.githubusercontent.com/MrBlamo420/Project/master/zips/addons.xml</info>
            <checksum>https://raw.githubusercontent.com/MrBlamo420/Project/master/zips/addons.xml.md5</checksum>
            <datadir zip="true">https://github.com/MrBlamo420/Project/tree/master/zips/</datadir>
            <hashes>false</hashes>
			</dir>

	  <dir>
        <info compressed="false">https://raw.githubusercontent.com/teamuniversal/scrapers/master/_modules4all/zips/addons.xml</info>
        <checksum>https://raw.githubusercontent.com/teamuniversal/scrapers/master/_modules4all/zips/addons.xml.md5</checksum>
        <datadir zip="true">https://github.com/teamuniversal/scrapers/tree/master/_modules4all/zips/</datadir>
    </dir>
	<dir>
		<info compressed="false">https://github.com/tvaddonsco/tva-resolvers-repo/raw/master/addons.xml</info>
		<checksum>https://github.com/tvaddonsco/tva-resolvers-repo/raw/master/addons.xml.md5</checksum>
		<datadir zip="true">https://github.com/tvaddonsco/tva-resolvers-repo/raw/master/zips/</datadir>
	</dir>
	<dir>
        <info compressed="false">https://raw.githubusercontent.com/jsergio123/zips/master/addons.xml</info>
        <checksum>https://raw.githubusercontent.com/jsergio123/zips/master/addons.xml.md5</checksum>
        <datadir zip="true">https://raw.githubusercontent.com/jsergio123/zips/master/</datadir>
</dir>
		<info compressed="false">http://intrcomp.net/Plugins/addons.xml</info>
		<checksum>http://intrcomp.net/Plugins/addons.xml.md5</checksum>
		<datadir zip="true">http://intrcomp.net/Plugins/</datadir>
		
	</extension>
	<extension point="xbmc.addon.metadata">
		<summary>[COLOR white]Repositorio Intrcomp Media[/COLOR]</summary>
		<description>[COLOR yellow]Intrcomp Media es un repositorio con el fin de facilitar la instalacion de addons que no tienen repositorios.
		De esta manera los addons son automaticamente actualizados. Cada addon tiene su dueño. Todos los creditos de los addons son para sus
		creadores. Si Usted tiene un addon y no tiene un Host donde alojarlo con mucho gusto lo puede alojar en este repo si es de su interés. Me puede enviar
		email a intrcomp@gmail.com y con mucho gusto le ayudare. La meta de Intrcomp Media es unir a la commnidad especialmente Latina en esta plataforma Open Source.
		Gracias a todos por su Apoyo[/COLOR]</description>
		<platform>all</platform>
	</extension>
</addon>

